<?xml version="1.0" encoding="UTF-8"?>
<l:dependencies xmlns:l='licenses' groupId='org.jenkins-ci.plugins' artifactId='docker-java-api' version='3.1.5.2'><l:dependency name='Docker API Plugin' groupId='org.jenkins-ci.plugins' artifactId='docker-java-api' version='3.1.5.2' url='https://github.com/jenkinsci/docker-java-api-plugin'><l:description>Plugin providing Docker API for other plugins. Wrap docker-java and required dependency for Netty transport only. JAX-RS default transport is not usable</l:description><l:license name='MIT' url='http://opensource.org/licenses/MIT'/></l:dependency><l:dependency name='docker-java' groupId='com.github.docker-java' artifactId='docker-java' version='3.1.5' url='https://github.com/docker-java/docker-java'><l:description>Java API Client for Docker</l:description><l:license name='The Apache Software License, Version 2.0' url='http://www.apache.org/licenses/LICENSE-2.0.txt'/></l:dependency><l:dependency name='Netty/Transport/Native/Epoll' groupId='io.netty' artifactId='netty-transport-native-epoll' version='4.1.31.Final' url='http://netty.io/netty-transport-native-epoll/'><l:description>Netty is an asynchronous event-driven network application framework for
    rapid development of maintainable high performance protocol servers and
    clients.</l:description><l:license name='Apache License, Version 2.0' url='http://www.apache.org/licenses/LICENSE-2.0'/></l:dependency><l:dependency name='Guava: Google Core Libraries for Java' groupId='com.google.guava' artifactId='guava' version='19.0' url='https://github.com/google/guava/guava'><l:description>Guava is a suite of core and expanded libraries that include
    utility classes, google's collections, io classes, and much
    much more.

    Guava has only one code dependency - javax.annotation,
    per the JSR-305 spec.</l:description><l:license name='The Apache Software License, Version 2.0' url='http://www.apache.org/licenses/LICENSE-2.0.txt'/></l:dependency><l:dependency name='Netty/Handler' groupId='io.netty' artifactId='netty-handler' version='4.1.31.Final' url='http://netty.io/netty-handler/'><l:description>Netty is an asynchronous event-driven network application framework for
    rapid development of maintainable high performance protocol servers and
    clients.</l:description><l:license name='Apache License, Version 2.0' url='http://www.apache.org/licenses/LICENSE-2.0'/></l:dependency><l:dependency name='Netty/Resolver' groupId='io.netty' artifactId='netty-resolver' version='4.1.31.Final' url='http://netty.io/netty-resolver/'><l:description>Netty is an asynchronous event-driven network application framework for
    rapid development of maintainable high performance protocol servers and
    clients.</l:description><l:license name='Apache License, Version 2.0' url='http://www.apache.org/licenses/LICENSE-2.0'/></l:dependency><l:dependency name='Apache Commons Compress' groupId='org.apache.commons' artifactId='commons-compress' version='1.18' url='https://commons.apache.org/proper/commons-compress/'><l:description>Apache Commons Compress software defines an API for working with
compression and archive formats.  These include: bzip2, gzip, pack200,
lzma, xz, Snappy, traditional Unix Compress, DEFLATE, DEFLATE64, LZ4,
Brotli, Zstandard and ar, cpio, jar, tar, zip, dump, 7z, arj.</l:description><l:license name='Apache License, Version 2.0' url='https://www.apache.org/licenses/LICENSE-2.0.txt'/></l:dependency><l:dependency name='Netty/Handler/Proxy' groupId='io.netty' artifactId='netty-handler-proxy' version='4.1.31.Final' url='http://netty.io/netty-handler-proxy/'><l:description>Netty is an asynchronous event-driven network application framework for
    rapid development of maintainable high performance protocol servers and
    clients.</l:description><l:license name='Apache License, Version 2.0' url='http://www.apache.org/licenses/LICENSE-2.0'/></l:dependency><l:dependency name='Netty/Codec' groupId='io.netty' artifactId='netty-codec' version='4.1.31.Final' url='http://netty.io/netty-codec/'><l:description>Netty is an asynchronous event-driven network application framework for
    rapid development of maintainable high performance protocol servers and
    clients.</l:description><l:license name='Apache License, Version 2.0' url='http://www.apache.org/licenses/LICENSE-2.0'/></l:dependency><l:dependency name='Netty/Codec/Socks' groupId='io.netty' artifactId='netty-codec-socks' version='4.1.31.Final' url='http://netty.io/netty-codec-socks/'><l:description>Netty is an asynchronous event-driven network application framework for
    rapid development of maintainable high performance protocol servers and
    clients.</l:description><l:license name='Apache License, Version 2.0' url='http://www.apache.org/licenses/LICENSE-2.0'/></l:dependency><l:dependency name='Netty/Transport' groupId='io.netty' artifactId='netty-transport' version='4.1.31.Final' url='http://netty.io/netty-transport/'><l:description>Netty is an asynchronous event-driven network application framework for
    rapid development of maintainable high performance protocol servers and
    clients.</l:description><l:license name='Apache License, Version 2.0' url='http://www.apache.org/licenses/LICENSE-2.0'/></l:dependency><l:dependency name='Netty/Buffer' groupId='io.netty' artifactId='netty-buffer' version='4.1.31.Final' url='http://netty.io/netty-buffer/'><l:description>Netty is an asynchronous event-driven network application framework for
    rapid development of maintainable high performance protocol servers and
    clients.</l:description><l:license name='Apache License, Version 2.0' url='http://www.apache.org/licenses/LICENSE-2.0'/></l:dependency><l:dependency name='Netty/Transport/Native/KQueue' groupId='io.netty' artifactId='netty-transport-native-kqueue' version='4.1.31.Final' url='http://netty.io/netty-transport-native-kqueue/'><l:description>Netty is an asynchronous event-driven network application framework for
    rapid development of maintainable high performance protocol servers and
    clients.</l:description><l:license name='Apache License, Version 2.0' url='http://www.apache.org/licenses/LICENSE-2.0'/></l:dependency><l:dependency name='Netty/Codec/HTTP' groupId='io.netty' artifactId='netty-codec-http' version='4.1.31.Final' url='http://netty.io/netty-codec-http/'><l:description>Netty is an asynchronous event-driven network application framework for
    rapid development of maintainable high performance protocol servers and
    clients.</l:description><l:license name='Apache License, Version 2.0' url='http://www.apache.org/licenses/LICENSE-2.0'/></l:dependency><l:dependency name='Netty/Common' groupId='io.netty' artifactId='netty-common' version='4.1.31.Final' url='http://netty.io/netty-common/'><l:description>Netty is an asynchronous event-driven network application framework for
    rapid development of maintainable high performance protocol servers and
    clients.</l:description><l:license name='Apache License, Version 2.0' url='http://www.apache.org/licenses/LICENSE-2.0'/></l:dependency><l:dependency name='Netty/Transport/Native/Unix/Common' groupId='io.netty' artifactId='netty-transport-native-unix-common' version='4.1.31.Final' url='http://netty.io/netty-transport-native-unix-common/'><l:description>Static library which contains common unix utilities.</l:description><l:license name='Apache License, Version 2.0' url='http://www.apache.org/licenses/LICENSE-2.0'/></l:dependency></l:dependencies>