<?xml version="1.0" encoding="UTF-8"?>
<l:dependencies xmlns:l='licenses' groupId='io.jenkins.docker' artifactId='docker-plugin' version='1.2.6'><l:dependency name='Docker plugin' groupId='io.jenkins.docker' artifactId='docker-plugin' version='1.2.6' url='https://github.com/jenkinsci/docker-plugin'><l:description>Provide Cloud Provisioning and other Docker features</l:description><l:license name='MIT License' url='https://opensource.org/licenses/MIT'/></l:dependency><l:dependency name='junixsocket-common' groupId='com.kohlschutter.junixsocket' artifactId='junixsocket-common' version='2.3.0' url='https://github.com/kohlschutter/junixsocket/junixsocket-common'><l:description>The public, core API</l:description><l:license name='Apache License, Version 2.0' url='http://www.apache.org/licenses/LICENSE-2.0.txt'/></l:dependency><l:dependency name='FindBugs-Annotations' groupId='com.google.code.findbugs' artifactId='annotations' version='3.0.0' url='http://findbugs.sourceforge.net/'><l:description>Annotation supports the FindBugs tool</l:description><l:license name='GNU Lesser Public License' url='http://www.gnu.org/licenses/lgpl.html'/></l:dependency><l:dependency name='Instance Identity' groupId='org.jenkins-ci.modules' artifactId='instance-identity' version='2.2' url=''><l:description>Maintains an RSA key pair that can serve as a foundation of authentication when communicating with Jenkins</l:description><l:license name='MIT License' url='https://opensource.org/licenses/mit-license.php'/></l:dependency><l:dependency name='junixsocket-native-common' groupId='com.kohlschutter.junixsocket' artifactId='junixsocket-native-common' version='2.3.0' url='https://github.com/kohlschutter/junixsocket/junixsocket-native-common'><l:description>Binaries of the native JNI library for common platforms</l:description><l:license name='Apache License, Version 2.0' url='http://www.apache.org/licenses/LICENSE-2.0.txt'/></l:dependency><l:dependency name='Self-Signed Certificate Generator' groupId='io.github.stephenc.crypto' artifactId='self-signed-cert-generator' version='1.0.0' url='http://stephenc.github.io/self-signed-cert-generator'><l:description>Library a shaded version of BouncyCastle and exposing an API to just generate self-signed certificates</l:description><l:license name='The MIT license' url='http://www.opensource.org/licenses/mit-license.php'/></l:dependency></l:dependencies>